month,traffic_source_medium,purchased_value_usd,total_purchased_items,avg_items_per_purchase
2020-11-01,(none),31133.0,1776,4.1495327102803756
2020-11-01,<Other>,14795.0,859,3.4918699186991882
2020-11-01,cpc,3237.0,216,3.7241379310344827
2020-11-01,organic,40293.0,2839,5.2966417910447774
2020-11-01,referral,32743.0,2066,4.7061503416856505
2020-12-01,(none),36233.0,2376,4.5957446808510634
2020-12-01,<Other>,14705.0,986,4.3822222222222242
2020-12-01,cpc,3980.0,199,3.0151515151515151
2020-12-01,organic,46774.0,2904,4.4676923076923085
2020-12-01,referral,36625.0,2272,4.42023346303502
2021-01-01,(none),12284.0,749,3.8808290155440424
2021-01-01,<Other>,5970.0,396,4.0
2021-01-01,cpc,1839.0,108,3.375
2021-01-01,organic,16940.0,1036,3.8947368421052628
2021-01-01,referral,14153.0,753,3.6911764705882359